subcategoryId,title,url
1,BWF Snowboard Wide,https://www.boardshop.lt/snowboardingas/snieglentes/bwf-snowboard-wide?limit=100
1,Breath Snowboard Wide Zero - Flat Rocker,https://www.boardshop.lt/snowboardingas/snieglentes/breath-snowboard-wide-zero-flat-rocker?limit=100
1,Lady Snowboard Glam Zero Rocker Freeride / Freestyle,https://www.boardshop.lt/snowboardingas/snieglentes/lady-snowboard-glam-zero-rocker-freeride-freestyle ?limit=100
1,BWF Lady Snowboard,https://www.boardshop.lt/snowboardingas/snieglentes/bwf-lady-snowboard?limit=100
1,North South Four Snowboard Wide Camber,https://www.boardshop.lt/snowboardingas/snieglentes/north-south-four-snowboard-wide-camber?limit=100
1,High M Snowboard Carbon Rocker,https://www.boardshop.lt/snowboardingas/snieglentes/high-m-snowboard-carbon-rocker?limit=100
1,Blue Slopes Snowboard Rocker Wide ,https://www.boardshop.lt/snowboardingas/snieglentes/blue-slopes-snowboard-rocker-wide?limit=100
1,Pixel Bomb Carbon Zero Rocker Snowboard,https://www.boardshop.lt/snowboardingas/snieglentes/pixel-bomb-carbon-zero-rocker-snowboard?limit=100
1,Lady Snowboard Drom Rocker,https://www.boardshop.lt/snowboardingas/snieglentes/lady-snowboard-drom-rocker?limit=100
1,Jungle Snowboard Rocker Wide,https://www.boardshop.lt/snowboardingas/snieglentes/jungle-snowboard-rocker-wide ?limit=100
1,Line Snowboard Zero Rocker Wide,https://www.boardshop.lt/snowboardingas/snieglentes/line-snowboard-zero-rocker-wide?limit=100
1,Steeze Snowboard Rocker,https://www.boardshop.lt/snowboardingas/snieglentes/steeze-snowboard-rocker?limit=100
1,Refractions Game Snowboard Wide,https://www.boardshop.lt/snowboardingas/snieglentes/snowboard-wide-refractions-game?limit=100
1,Data Snowboard Zero Rocker Wide,https://www.boardshop.lt/snowboardingas/snieglentes/data-snowboard-zero-rocker-weide?limit=100
1,Akasha Snowboard Wide Rocker,https://www.boardshop.lt/snowboardingas/snieglentes/akasha-snowboard-wide-rocker?limit=100
1,Fantasy Carbon Zero Rocker Snowboard ,https://www.boardshop.lt/snowboardingas/snieglentes/fantasy-carbon-zero-rocker-snowboard ?limit=100
1,Lady Snowboard Polygonal Rocker,https://www.boardshop.lt/snowboardingas/snieglentes/snowboard-rocker-polygonal?limit=100
1,Diamond Heart Carbon Snowboard Rocker,https://www.boardshop.lt/snowboardingas/snieglentes/diamond-heart-carbon-snowboard-rocker?limit=100
1,Aero Snowboard Flat Rocker,https://www.boardshop.lt/snowboardingas/snieglentes/aero-snowboard-flat-rocker?limit=100
1,North South 3 Wide Snowboard Flat Rocker,https://www.boardshop.lt/snowboardingas/snieglentes/north-south-3-wide-snowboard-flat-rocker?limit=100
1,Twisted Snowboard Zero Rocker Wide ,https://www.boardshop.lt/snowboardingas/snieglentes/twisted-snowboard-zero-rocker-wide?limit=100
1,Mirrors Snowboard Wide,https://www.boardshop.lt/snowboardingas/snieglentes/snowboard-wide-mirrors-wide ?limit=100
1,Eight Snowboard Rocker Wide ,https://www.boardshop.lt/snowboardingas/snieglentes/eight-snowboard-rocker-wide ?limit=100
1,Damen Snowboard Daliah,https://www.boardshop.lt/snowboardingas/snieglentes?product_id=255&limit=100
1,Damen Snowboard Akasha Flat Rocker,https://www.boardshop.lt/snowboardingas/snieglentes/damen-snowboard-akasha-flat-rocker?limit=100
1,Cubo Snowboard Wide,https://www.boardshop.lt/snowboardingas/snieglentes/cubo-snowboard-wide?limit=100
1,Places Wide Snowboard Flat Rocker,https://www.boardshop.lt/snowboardingas/snieglentes/snowboard-wide-places?limit=100
1,Graffiti Snowboard Zero Rocker,https://www.boardshop.lt/snowboardingas/snieglentes/graffiti-snowboard-zero-rocker?limit=100
1,Lady Snowboard Stripes Flat Rocker,https://www.boardshop.lt/snowboardingas/snieglentes/lady-snowboard-stripes-flat-rocker?limit=100
1,No Fears Carbon Snowboard Rocker ,https://www.boardshop.lt/snowboardingas/snieglentes/no-fears-carbon-snowboard-rocker ?limit=100
1,Dirty Brush Snowboard Rocker Wide,https://www.boardshop.lt/snowboardingas/snieglentes/snowboard-wide-rocker-dirty-brush?limit=100
1,Mr.Yash Carbon Zero Rocker Snowboard,https://www.boardshop.lt/snowboardingas/snieglentes/mr-yash-carbon-zero-rocker-snowboard ?limit=100
1,S Mile Camber Wide Snowboard,https://www.boardshop.lt/snowboardingas/snieglentes/snowboard-wide-s-mile?limit=100
1,Another World Snowboard Carbon Rocker,https://www.boardshop.lt/snowboardingas/snieglentes/carbon-snowboard-wide-rocker-another-world?limit=100
1,Lady Snowboard Luminous,https://www.boardshop.lt/snowboardingas/snieglentes/lady-snowboard-luminous?limit=100
1,Hell Beetle Snowboard Rocker Wide,https://www.boardshop.lt/snowboardingas/snieglentes/snowboard-wide-rocker-heel-beetle?limit=100
1,Lady Snowboard Savage Pink Rocker,https://www.boardshop.lt/snowboardingas/snieglentes/lady-snowboard-savage-pink-rocker?limit=100
1,Red Smile Snowboard Rocker Wide,https://www.boardshop.lt/snowboardingas/snieglentes/snowboard-wide-rocker-red-smile?limit=100
1,Lady Snowboard Cubo Rocker,https://www.boardshop.lt/snowboardingas/snieglentes/lady-snowboard-cubo-rocker?limit=100
1,Mirrors Neon Snowboard Wide,https://www.boardshop.lt/snowboardingas/snieglentes/snowboard-wide-s-mile-mirrors-neon?limit=100
1,Damen Snowboard Pinto Flat Rocker ,https://www.boardshop.lt/snowboardingas/snieglentes/damen-snowboard-pinto-flat-rocker ?limit=100
1,Dreamcatcher Neon Snowboard Rocker,https://www.boardshop.lt/snowboardingas/snieglentes/snowboard-rocker-dreamcatcher-neon-407?limit=100
1,Golden Arrow Snowboard Carbon Flat Rocker,https://www.boardshop.lt/snowboardingas/snieglentes/snowboard-wide-rocker-golden-arrow?limit=100
1,Lady Snowboard Zebra,https://www.boardshop.lt/snowboardingas/snieglentes/snowboard-zebra-damen-140-145-150-155?limit=100
2,Snowboard Boots Strong Black ,https://www.boardshop.lt/snowboardingas/batai/snowboard-boots-strong-black?limit=100
2,Snowboard boots savage black,https://www.boardshop.lt/snowboardingas/batai/snowboard-boots-savage-black?limit=100
2,Snowboard Boots Savage White,https://www.boardshop.lt/snowboardingas/batai/snowboard-boots-savage-white?limit=100
2,Snowboard Boots Master QL Black,https://www.boardshop.lt/snowboardingas/batai/snowboard-boots-master-ql-black?limit=100
2,Snowboard Boots Strong Quick Lace Black,https://www.boardshop.lt/snowboardingas/batai/snowboard-boots-strong-quick-lace-black?limit=100
2,Snowboard Boots Savage Black Atop Speed Lacing,https://www.boardshop.lt/snowboardingas/batai/snowboard-boots-savage-black-atop-speed-lacing?limit=100
2,Snowboard Boots Strong Quick Lace White,https://www.boardshop.lt/snowboardingas/batai/snowboard-boots-strong-quick-lace-white?limit=100
2,Snowboard Boots Savage White Atop Speed Lacing,https://www.boardshop.lt/snowboardingas/batai/snowboard-boots-savage-white-atop-speed-lacing?limit=100
2,Snowboard Boots Star Black,https://www.boardshop.lt/snowboardingas/batai/snowboardboots-star-black?limit=100
2,Snowboard Boots Star Grey,https://www.boardshop.lt/snowboardingas/batai/snowboardboots-star-grey?limit=100
2,Snowboard Boots Master Quick Lace,https://www.boardshop.lt/snowboardingas/batai/snowboardboots-master-quick-lace?limit=100
2,Snowboard Boots Star Atop Speed Lacing,https://www.boardshop.lt/snowboardingas/batai/snowboard-boots-stara-atop-speed-lacing?limit=100
2,Snowboard Boots Star W Atop Quick Lace Charcoal,https://www.boardshop.lt/snowboardingas/batai/snowboard-boots-star-w-atop-quick-lace-charcoal?limit=100
2,Snowboard Boots Master Atop Speed Lace,https://www.boardshop.lt/snowboardingas/batai/snowboard-moots-master-atop-speed-lace?limit=100
2,Snowboard Boots Savage Black Quick Lace,https://www.boardshop.lt/snowboardingas/batai/snowboard-boots-savege-fast-lace-black?limit=100
2,Snowboard Boots Strong Quick Lace,https://www.boardshop.lt/snowboardingas/batai/snowboardboots-strong-fast-lace?limit=100
2,Snowboard Boots Strong W Atop Quick Lace,https://www.boardshop.lt/snowboardingas/batai/snowboardboots-strong-atop-fast-lace-w?limit=100
2,Snowboard boots flow rival coiler rasta ,https://www.boardshop.lt/snowboardingas/batai/snowboard-boots-flow-rival-coiler-rasta ?limit=100
2,Snowboard Boots Savage Atop Quick Lace,https://www.boardshop.lt/snowboardingas/batai/snowboard-boots-savege-atop-fast-lace?limit=100
2,Snowboard Boots Star W,https://www.boardshop.lt/snowboardingas/batai/snowboardboots-star-w-lady?limit=100
2,Snowboard Boots Savage W,https://www.boardshop.lt/snowboardingas/batai/snowboardboots-savage-w-lady?limit=100
2,Flow Vega Boa Lady Black/Pink,https://www.boardshop.lt/snowboardingas/batai/snowboard-boots-vega-boa-black-pink?limit=100
2,Snowboard boots flow vega boa black,https://www.boardshop.lt/snowboardingas/batai/snowboard-boots-flow-vega-boa-black?limit=100
2,Flow Lotus Coiler Black,https://www.boardshop.lt/snowboardingas/batai/snowboard-boots-lotus-boa-lady-schwarz?limit=100
2,Flow Lotus Coiler Black/Blue,https://www.boardshop.lt/snowboardingas/batai/snowboard-boots-lotus-boa-lady-schwarz-blau?limit=100
2,Snowboard Boots Savage Quick Lace,https://www.boardshop.lt/snowboardingas/batai/snowboard-boots-savege-fast-lace?limit=100
2,Flow Vega Boa Aqua,https://www.boardshop.lt/snowboardingas/batai/snowboard-boots-vega-aqua?limit=100
2,Flow Rival Coiler Black/Grey,https://www.boardshop.lt/snowboardingas/batai/snowboard-boots-flow-rival-coiler-black-grey?limit=100
2,Flow Ansr Coiler Black/Grey,https://www.boardshop.lt/snowboardingas/batai/snowboard-boots-flow-ansr-boa-coiler-black-grey?limit=100
2,Flow Ansr Coiler Black/Red,https://www.boardshop.lt/snowboardingas/batai/snowboard-boots-flow-ansr-boa-coiler-black-red?limit=100
2,Flow Rival Coiler Black/Purple,https://www.boardshop.lt/snowboardingas/batai/snowboard-boots-flow-rival-coiler-black-purple?limit=100
3,Snowboard Bindung Master FASTEC System,https://www.boardshop.lt/snowboardingas/apkaustai/snowboard-bindung-master-fastec?limit=100
3,Snowboard Binding Star,https://www.boardshop.lt/snowboardingas/apkaustai/snowboard-binding-star?limit=100
3,Snowboard Binding Strong Black Matt,https://www.boardshop.lt/snowboardingas/apkaustai/snowboard-binding-strong-black-matt?limit=100
3,Snowboard Bindung Master W FASTEC System,https://www.boardshop.lt/snowboardingas/apkaustai/snowboard-binding-master-fastec-w?limit=100
3,Snowboard Binding Star W,https://www.boardshop.lt/snowboardingas/apkaustai/snowboard-binding-star-w?limit=100
3,Snowboard Binding Strong W White Matt,https://www.boardshop.lt/snowboardingas/apkaustai/snowboard-binding-strong-w-hite-matt?limit=100
3,Snowboard Binding Savage W,https://www.boardshop.lt/snowboardingas/apkaustai/snowboard-binding-savage-w?limit=100
3,Snowboard Binding Flow Pilot Black,https://www.boardshop.lt/snowboardingas/apkaustai/snowboard-binding-flow-pilot?limit=100
3,Snowboard Binding Flow Alpha Charcoal,https://www.boardshop.lt/snowboardingas/apkaustai/snowboard-binding-flow-alpha-charcoal?limit=100
3,Snowboard Binding Union Milan Violet,https://www.boardshop.lt/snowboardingas/apkaustai/snowboard-binding-union-milan-violet?limit=100
3,Snowboard Binding Rage Fastec 360,https://www.boardshop.lt/snowboardingas/apkaustai/snowboard-binding-rage-fastec-360?limit=100
3,Snowboard Binding Rage Fastec 360 W,https://www.boardshop.lt/snowboardingas/apkaustai/snowboard-binding-rage-fastec-360-w?limit=100
3,Snowboard Bindung Flow Micron,https://www.boardshop.lt/snowboardingas/apkaustai/snowboard-bindung-flow-micron?limit=100
3,Snowboard Binding Union Milan Black,https://www.boardshop.lt/snowboardingas/apkaustai/snowboard-binding-union-milan-black?limit=100
5,Snowboard Set Jungle Hybrid Rocker ,https://www.boardshop.lt/snowboardingas/rinkiniai/snowboard-set-jungle-hybrid-rocker ?limit=100
5,Snowboard Set Line Zero Rocker ,https://www.boardshop.lt/snowboardingas/rinkiniai/snowboard-set-line-zero-rocker ?limit=100
5,Snowboard Set Data Zero Rocker ,https://www.boardshop.lt/snowboardingas/rinkiniai/snowboard-set-data-zero-rocker ?limit=100
5,Snowboard Set Eight Hybrid Rocker,https://www.boardshop.lt/snowboardingas/rinkiniai/snowboard-set-eight-hybrid-rocker?limit=100
5,Snowboard Set Steeze Rocker,https://www.boardshop.lt/snowboardingas/rinkiniai/snowboard-set-steeze-rocker?limit=100
5,Snowboard Set Aero Zero Rocker,https://www.boardshop.lt/snowboardingas/rinkiniai/snowboard-set-aero-zero-rocker?limit=100
5,Lady Snowboard Set Daliah,https://www.boardshop.lt/snowboardingas/rinkiniai/lady-snowboard-set-daliah?limit=100
5,Twisted Snowboard Wide Zero Rocker,https://www.boardshop.lt/snowboardingas/rinkiniai/twisted-snowboard-wide-zero-rocker?limit=100
5,Snowboard Set Fantasy Carbon Zero Rocker,https://www.boardshop.lt/snowboardingas/rinkiniai/snowboard-set-fantasy-carbon-zero-rocker?limit=100
5,Snowboard Diamond Heart Rocker Wide,https://www.boardshop.lt/snowboardingas/rinkiniai/snowboard-diamond-heart-rocker-wide?limit=100
5,Damen Snowboard Set Akasha Rocker,https://www.boardshop.lt/snowboardingas/rinkiniai/damen-snowboard-set-akasha-rocker?limit=100
5,Snowboard Set Mirrors Wide,https://www.boardshop.lt/snowboardingas/rinkiniai/snowboard-set-mirrors-wide?limit=100
5,Damen Snowboard Set Cubo Rocker,https://www.boardshop.lt/snowboardingas/rinkiniai/damen-snowboard-set-cubo-rocker?limit=100
5,Damen Snowboard Set Polygonal Rocker,https://www.boardshop.lt/snowboardingas/rinkiniai/damen-snowboard-set-polygonal-rocker?limit=100
5,Snowboard Set North South 3 Zero Rocker,https://www.boardshop.lt/snowboardingas/rinkiniai/snowboard-set-north-south-3-zero-rocker?limit=100
5,Snowboard Set Refraction Game Wide,https://www.boardshop.lt/snowboardingas/rinkiniai/snowboard-set-refraction-game-wide?limit=100
5,Snowboard Set Places Zero Rocker ,https://www.boardshop.lt/snowboardingas/rinkiniai/snowboard-set-places-zero-rocker ?limit=100
5,Damen Snowboard Set Graffiti Rocker ,https://www.boardshop.lt/snowboardingas/rinkiniai/damen-snowboard-set-graffiti-rocker ?limit=100
5,Damen Snowboard Set Luminous,https://www.boardshop.lt/snowboardingas/rinkiniai/damen-snowboard-set-luminous?limit=100
5,Damen Snowboard Komplett Set Stripes,https://www.boardshop.lt/snowboardingas/rinkiniai/damen-snowboard-komplett-set-stripes?limit=100
7,Helmet ski / snowboard savage t2x neon,https://www.boardshop.lt/snowboardingas/aksesuarai/ski-snowboard-helmet-savage-t2x-neon?limit=100
7,Snowboard Bag,https://www.boardshop.lt/snowboardingas/aksesuarai/snowboard-bag?limit=100
7,Helmet ski / snowboard savage t2x black,https://www.boardshop.lt/snowboardingas/aksesuarai/helmet-ski-snowboard-savage-t2x-black?limit=100
7,Helmet  ski / snowboard savage t2x white,https://www.boardshop.lt/snowboardingas/aksesuarai/helmet-ski-snowboard-savage-t2x-white?limit=100
7,Helmet ski / snowboard savage t2x grey,https://www.boardshop.lt/snowboardingas/aksesuarai/helmet-ski-snowboard-savage-t2x-grey?limit=100
7,Helmet ski / snowboard savage t52 black,https://www.boardshop.lt/snowboardingas/aksesuarai/helmet-ski-snowboard-savage-t52-black?limit=100
7,Helmet ski / snowboard savage t52 neon,https://www.boardshop.lt/snowboardingas/aksesuarai/helmet-skihsnowboard-savage-t52-neon?limit=100
7,Helmet ski / snowboard savage t2x blue,https://www.boardshop.lt/snowboardingas/aksesuarai/helmet-ski-snowboard-savage -t2x-blue?limit=100
7,Helmet ski / snowboard master t52 white,https://www.boardshop.lt/snowboardingas/aksesuarai/helmet-ski-snowboard-master-t52-white?limit=100
7,PRO-TECT Apsauginiai šortai,https://www.boardshop.lt/snowboardingas/aksesuarai/pro-tect-apsauginiai-sortai?limit=100
7,Spokey Rodeo kelių apsaugos,https://www.boardshop.lt/snowboardingas/aksesuarai/spokey-rodeo-keliu-apsaugos?limit=100
8,Snowboard Boots Star Black,https://www.boardshop.lt/snowboardingas/populiariausi/snowboardboots-star-black?limit=100
8,Lady Snowboard Zebra,https://www.boardshop.lt/snowboardingas/populiariausi/snowboard-zebra-damen-140-145-150-155?limit=100
10,Naujos lentos paruošimas,https://www.boardshop.lt/servisas/snieglenciu-servisas/naujos-lentos-paruosimas?limit=100
10,Express Maxi,https://www.boardshop.lt/servisas/snieglenciu-servisas/toko-express-maxi?limit=100
10,Express Mini,https://www.boardshop.lt/servisas/snieglenciu-servisas/express-mini-lt?limit=100
10,Express Pocket,https://www.boardshop.lt/servisas/snieglenciu-servisas/express-pocket-lt?limit=100
10,Multi Base Angle,https://www.boardshop.lt/servisas/snieglenciu-servisas/multi-base-angle?limit=100
10,Plexi Blade 3mm,https://www.boardshop.lt/servisas/snieglenciu-servisas/plexi-blade-3mm?limit=100
10,Repair Candle 1vnt,https://www.boardshop.lt/servisas/snieglenciu-servisas/repair-candle?limit=100
10,Sidewall Planer Pro,https://www.boardshop.lt/servisas/snieglenciu-servisas/sidewall-planer-pro?limit=100
10,Wax Toko Backshop Blocwax ,https://www.boardshop.lt/servisas/snieglenciu-servisas/wax-toko-backshop-blocwax?limit=100
10,Waxremover HC3,https://www.boardshop.lt/servisas/snieglenciu-servisas/waxremover-hc3-lt?limit=100
10,World Cup File Chrome,https://www.boardshop.lt/servisas/snieglenciu-servisas/world-cup-file-chrome?limit=100
10,World Cup File Chrome M,https://www.boardshop.lt/servisas/snieglenciu-servisas/world-cup-file-chrome-m?limit=100
11,Slidžių servisas,https://www.boardshop.lt/slidziu-servisas?limit=100
